class,professor
교육평가,김선
운영관리,정상철
운동과 건강,이상기
논리와비판적사고,한대석
패션과이미지메이킹,윤소영
환경과학,김성덕
글로벌경영의 이해,조대우
Global English 1,이상규
영작문 1,제러미로렌스셜리번
데이터베이스,진성일
경영통계학,오세구
제어공학,천관호
Global English 1,조선아
기초한문,정만호
원가회계2,이도희
금융기관론,장승현
운영관리,최병천
기초한문,이명희
경영정보시스템,오세구
서비스운영관리,정상철
한문고전과삶의지혜,이송희
이산수학및실습,강보원
현대인의 생활문화,김인정
패션과 테크놀로지의 세계,이옥경
국어학개론,정원수
중국테마기행,엄귀덕
원가회계 1,송연경
서비스마케팅,정용길
e-비즈니스,박경혜
비교정치론,박재정
정치학원론,김지운
한국근현대사,김민석
국제마케팅,황경연
행정통계,윤영채
재무관리,장호규
무역영어,조혁수
희곡의 이해,문선정
사회복지실천론,최해경
평면조형디자인Ⅰ,김민아
영상으로 보는 유럽문화,강미숙
창의설계입문,이용우
컴퓨터프로그래밍1,김일숙
경영정보시스템,정영수
응용수학특강및실습,강명민
자동제어,정원석
인류문명의 발생과 전개,박양진
운영체제,최훈
재무관리,박순홍
문장구역실습,주진국
영한통번역개론,주진국
계량경제학,홍성표
공학윤리,정윤승
현대인의 생활문화,박주영
식품생화학,성창근
문화인류학,이호성
수학교육공학1및실습,부덕훈
융합지식과미래교육리더십,부덕훈
공학윤리,김창경
우주의 기원,허종우
비만관리와건강,없음
비교경찰제도론,없음
술의 과학과 문화,최우영
한국경제론,정세은
피트니스 트레이닝,오정환
인물로본한국사,송기중
생활프랑스어,한용희
자기조절,신고은
자치행정학개론,박정규
금융시장론,장승현
창업과법률,이형욱
영미문학비평,오길영
영어교육,정양수
19세기 미국소설,민경택
영어발음실습,조현관
영어음성학,조현관
영문법,이상철
영어어휘의 이해,백미현
희곡의 이해,정귀훈
셰익스피어,박영원
영국문학의 이해,박은경
미국문학의 이해,김명주
19세기 영국소설,박종성
시가 흐르는 삶,최동오
낭만주의문학,최동오
젠더와문화,문선정
운동방법의 실제,김동화
운동방법의 실제,배재희
대전학,없음
운동방법의 실제,이주욱
생활일본어1,금종애
다시보는 독립운동,이성우
무역학원론,황수정
중국문자의이해,없음
독서지도입문,최영임
성과 사랑의 철학,이영자
자연과학글쓰기,김현화
영화와문학,박상완
공학법제,윤기승
중급회계 1,임학빈
음성학,성철재
영어발음의기초,조현관
국제통상법,백은영
한국경제의 이해,김유정
공학통계학,김천중
정신건강,심미영
국제통상정책론,박상길
생활일본어1,박유미
교육철학및교육사,김자운
테마가있는합창클래스,김신영
정보화시대의정치,이욱근
프랑스어문장구조,김영모
프랑스문학사,노은희
프랑스문화연습,조현진
미시경제학,백지원
기초위상학1및실습,주항연
기초위상학1및실습,구남집
전기화학개론,김천중
볼링,서국
기계재료학,이경민
일본어강독2,김은영
한국근현대사,이성우
술의 과학과 문화,박경래
영상으로 보는 유럽문화,허현
한국의역사,이정란
영화속법률,김난희
공학도를 위한 세계문화,이수진
사이버 공간과 윤리,최정묵
경영의이해,박인
모바일프로그래밍,김건아
웹프로그래밍,김은희
영화 속 철학이야기,이언의
정책학개론,이찬구
유통관리,손정민
생명코드,이영화
글로벌재무관리,김태중
교육평가,정혜원
행정과시민참여,김시동
헌법,심경수
고급영문읽기,문선정
미래생활과 창의성 개발,이옥경
Global English 3,채희숙
소비경제,박미려
우주의 역사,김광태
사이버 공간과 윤리,황수영
우주의 역사,조정연
레크리에이션,이문숙
영어학개론,홍성심
무역관계법,백은영
중세·르네상스 영국문학,박영원
기초독일어,임유영
프랑스문화 테마기행,주현진
미국문학의 이해,민경택
현대 영국소설,박영원
초급중국어강독,김명학
일본문화,강혜선
무용과필라테스,박민선
거시경제학,심완섭
영어로공부하는아시아경제의이해,없음
미술 감상법,없음
교직실무,배영길
교육사회,박환보
노사관계론,주지훈
조직구조론,주지훈
세계의문화유산,유용욱
범죄의진실과오해,곽대훈
인간과 우주,김광태
스포츠융복합산업론,정문현
농업기상학,노재경
운영관리,송장근
화학개론,김은경
심리학개론,이영창
4차산업과 문화콘텐츠,서경숙
디자인과 생활,오치규
심리학의 이해,없음
생활지도및상담,김연중
생활지도및상담,이순희
융합학문탐구프로젝트,임나영
행정실무연습,김홍갑
고전사회학,김필동
가계복지,김민정
한국의역사,송기중
교육행정및교육경영,방인자
부동산설계,홍순태
글로벌경영론,배기봉
신용관리와가계재무,최홍철
헬레니즘과 헤브라이즘,이윤철
위험관리와보험,홍순태
영화 속 철학이야기,서원혁
세계와 여행,없음
세무회계1,임성종
평생교육경영론,강훈
투자론,장호규
언론정보학개론,손병우
프랑스문화 테마기행,박문규
문학과 영상,민경택
미적분학과해석기하학2,강동오
교육학개론,천세영
교육학개론,한상훈
교육심리,박용한
생활지도및상담,손연아
북한의 이해,나태종
전기자기학1,은창수
프랑스문화 테마기행,박찬인
디지털사진,이수철
생활법률,김종희
한국의역사,김수진
생명의 이해,이웅희
한국근현대사,허종
서양음식문화및실습,김미리
Global English 4,마이클존휴즈
교육철학및교육사,장지원
프랑스문화 테마기행,한용희
스키,홍수영
프랑스축제와문화콘텐츠,박찬인
원가회계 1,염성수
조직구조론,전이영
영국문학의 이해,박종성
서양의 역사와 문화,오두영
생활속의 스마트 IT,없음
기초생화학,유준명
고전소설론,경일남
외환시장,김태중
경영정보시스템,김기문
인사관리,박인
실크로드 문화 기행,이영선
해외직접투자,김장훈
광고관리,정용길
기초한문,이향배
인사관리,이현응
중급회계 1,백혜원
화학개론,류향임
한문고전과삶의지혜,이재숙
독일문화 산책,이군호
운동방법의 실제,박정민
중국테마기행,강택구
중국테마기행,이은수
프랑스문화 테마기행,권수경
테마로 본 철학산책,이언의
인물로본한국사,임혜련
생물학,임헌만
기초글쓰기,신효경
인간과 복지,유선아
영국문학의 이해,박영원
현대사회와생명윤리,조지선
생활법률,오윤석
기초글쓰기,이상숙
리스크관리,장호규
발레3,원혜연
발레6,원혜연
동양고전과리더쉽,이명희
지중해문명기행,이수진
회계의이해,백혜원
한자서법,문창호
초급 라틴어,이향천
교육과정,이요바
마음과행동의뇌과학,한석원
운동과 건강,김용안
진로설계2,홍기민
K-Culture와문화마케팅,황복희
선형계획및실습,오세영
수치해석학2및실습,오세영
수치프로그래밍및실습,오세영
암호론및실습,안재현
프랑스문학입문,한용희
독일어 단어의 구조,이군호
독문학입문,이군호
청소년심리학,이운영
교직실무,권기원
프랑스문화 테마기행,김영모
확률 및 통계,공은배
재무관리,임병권
문화사회학,정선기
인문학의향기,없음
세계사속의 한국사,백승철
법여성학,이한태
창의적발상론,박경혜
야외활동,문영진
무역실무,문희철
고고학,우재병
데이터과학,이영석
무역전시,임소선
웹프로그래밍,이규철
특허정보조사실무,오기영
조사연구방법,전광희
교육철학및교육사,최광만
교육과정,김경언
교육행정및교육경영,임희진
교육사회,이재준
컴퓨터구조,김형식
역사와리더십,김은정
정신건강,조성근
호신술,박건수
전기물성,나정효
스키,한동엽
공학윤리,정진우
전통사회의프로페셔널,이명희
객체지향설계,임성수
시스템프로그래밍,김형신
현대국가와시장,박재정
행정법일반,김희정
형사정책,정소영
마케팅전략,손정민
시사영어,홍성심
영어커뮤니케이션 연습,이은정
글로벌매너와에티켓,이근석
교육사회,이은정
사랑과 결혼의 경제학,박미려
글로벌경영론,김장훈
한국한시론,이재숙
맹자강독 1,박우훈
인문과 통섭,이현중
응용열역학,강성민
진로설계1,나준희
테마로 본 철학산책,양선진
현대정치학원강,신현익
요가,김동화
처음 만나는 역사학,황은정
정보보호입문과활용,원유재
무역실무,전동화
경제학원론,김종혁
정신건강,배송숙
글로벌마케팅,박재기
마케팅조사,배정호
디지털콘텐츠제작실습,김진웅
생각하는인문학창조적글쓰기,김현화
동양사상과 문화콘텐츠,이영자
한국정부론,박종우
유기화학 1,김형일
사회학적상상력,박혜경
정보보호입문과활용,박원환
건강증진과 질병예방,김철웅
행정학개론,김종성
공학도를 위한 세계문화,김충현
국제무역론,오근엽
성인학습 및 상담,강훈
기초글쓰기,송미영
조직이론,유보경
정신건강,신현지
Global English 4,러셀커크비
현대사회학이론,정선기
인간관계론,손연아
공학입문,황인찬
기초일본어,금종애
지식조직론,이영인
수학 1,박종서
구조 및 제어실험,오동호
연소 및 대기환경공학,김홍집
추진공학,김홍집
응용열전달,유상석
계산이론,이은주
수학 2,박종서
스키,오정환
비즈니스영어,이주황
수리경제학,백민희
인사관리,박지성
조사방법론,신희권
기초글쓰기,황대성
지중해문명기행,황은정
경제사,육소영
경제발전론,육소영
노동경제학,윤자영
노사관계의 이론과 실제,윤자영
광고의세계,이승선
진로설계2,윤혜영
세법개론,이지영
실용의사소통영어,로라 리틀
지방공무원론,최진혁
인간과 복지,이선화
기초회귀분석실습,이서현
통계프로그래밍언어,배종호
기계진동학,송오섭
재무제표분석,최수미
음향시스템공학,이중석
기계진동학,이중석
기계요소설계,이중석
배드민턴,이명선
인권과 현대사회,임윤정
통합영어,매튜앨런렌크
분단현실과통일한국의미래,김학성
백제고고학(고적답사포함),박순발
경제수학,이병채
분배와민주주의의경제학,김정주
일본의이해1,윤혜영
한국경제사,육소영
기술경제학,홍성표
진로설계2,박기선
물리화학 2,강용
사이버 공간과 윤리,양선진
중국테마기행,이동훈
인간관계론,김연중
컴퓨터프로그래밍 1,권오석
자료구조설계,강지훈
컴퓨터네트워크,없음
수리통계학1,이주호
언어와논리,노용균
동양의 역사와 인물,오지해
통계분석입문,신지은
행정조직론,김종성
도시의 이해,김찬동
법학개론,오윤석
한문학개론,이향배
영어의미와활용,이상철
글로벌마케팅,황윤성
전략적 원가관리,이도희
무역학원론,윤기관
스키,정문현
집단상담,윤미라
교육행정및교육경영,김수구
중급일본어회화2,스즈키준
한일비교문화,강혜선
스키,최재석
현대인의 생활문화,이종이
현대인의 생활문화,박명순
Global English 3,정혜인
생명화학의 이해,김소영
일한번역의기초,박미경
일본어연습,마츠바라요시코
일본어문장표현연습2,금종애
일본의이해2,윤혜영
회계원리,이우재
기초글쓰기,박재희
배드민턴,정성한
생활법률,류광해
대학생의성건강,박인숙 외 1명
영상으로 보는 중국문화,오지해
중급회계2,최수미
수학 2,장현호
마케팅관리,김소정
마케팅관리,김형준
CAE,김용환
Global English 3,이선영
생노병사의 비밀,오만호
조직행위론,류수영
전자무역,임성범
행정윤리,최도림
통합영어,크리스토퍼 콘웨이
일반생물학 실험 2,이영화
식생활과 다이어트,김경아
CAE,우호길
투자론,최향미
법경제학,이병채
연구방법입문,고홍월
국제재무관리,황경연
시사영어,이상철
문제해결을위한코딩기초,허서정
수목생리학및실습,박병배
환경과학,안광국
금융시장·금융상품,권택호
기업가정신2,정범구
소비자와 마케팅,주문자
국제금융론,권택성
정의란무엇인가,신진
기초글쓰기,송주희
수영,김영남
수학 2,권선주
운동과 건강,이왕록
컴퓨터비젼,민동보
최신컴퓨터특강,장경선
자료구조및실습,김경섭
수치해석,김경섭
디지털신호처리,김경섭
선형대수,이만호
컴퓨터프로그래밍 2,김기일
컴퓨터그래픽스,남병규
컴퓨터 입문,유관종
시스템및네트워크보안,김형식
최신컴퓨터특강2,박정희
디지털시스템설계,남병규
임베디드소프트웨어,김형신
알고리즘,민동보
공학입문,한복수
인지와언어,백미현
필수생물학,이한길
캡스톤디자인 비즈니즈동향,민태기
미시경제학,백민희
한국역사입문,김수태
공학수학1,위희정
교육실습의이론과실제,육명신
전기회로1,김종훈
전기회로2,김종훈
공기조화,신원규
전산유체설계,곽영균
사랑과 결혼의 경제학,조경진
유체기계설계,김병재
집합론,위희정
글로벌경영원론,조대우
글로벌경영론,이영덕
선형대수,황치정
거시경제학,이기훈
진로설계1,허찬국
경제학원론,허찬국
공학수학2,위희정
전자기학 1,윤익재
전자기학 2,윤익재
공업수학2,천관호
전자회로1,차한주
컴퓨터구조,이철훈
자료구조및실습,강지훈
거시경제학,안기돈
패션과 테크놀로지의 세계,이희란
창의적문제해결과팀워크,최유현
열전달,김병재
재정학,임봉욱
자원경제학,이기훈
천문학의지혜,김광태
사회학적상상력,김도균
미술의이해,손경숙
통합영어,마이클존휴즈
공업역학,조두용
동양고전과현대,고홍월
국제경제동향,유진만
미분방정식및실습,주항연
영상중국어,김훈
프랑스축제와문화콘텐츠,정재훈
교육실습의이론과실제,이석범
기초독일어,최문선
지휘통솔,길병옥
공급사슬관리,구훈영
프랑스문화 테마기행,조현진
심리학개론,손진훈
중국어,성나영
세무회계 2,임성종
탁구,문영진
식물학,박기웅
농업환경과학,박상언
재무관리,강대석
글로벌마케팅전략및사례,박재기
한국철학사,이종성
무역결제론,전동화
한문문학과 지역문화,이송희
의료비즈니스영어,고윤힐
운동방법의 실제,유윤철
현대인을 위한 음식보감,문숙경
서양사의아웃사이더,황은정
국어작문1;표현과 논술,김성옥
운동방법의 실제,이수행
스피치와 프레젠테이션,김수정
인간관계의심리학,없음
특수교육학개론,김형준
소프트웨어공학설계 1,김현수
비즈니스일본어,없음
운동방법의 실제,김현미
라인업발레,최지연
글로벌마케팅,신미숙
영미문화읽기:주제별,제러미로렌스셜리번
경제의이해,김유정
한국근현대사,김상기
6.25 전쟁사,조남인
공학수학1,송오섭
수학 2,김충국
스키,정익수
기초글쓰기,권양현
거시경제학,정세은
세라믹스개론,김현석
재료분석,백경호
생물학,이웅희
일본사의이해,김은정
정치사상 2,조찬래
4대국 외교정책,고봉준
일반생물학 2,김균언
테마로 본 철학산책,황수영
골프,윤대현
골프,이정흔
경영정보시스템,박경혜
글로벌공학기술과현대사회,류재문
글로벌공학리더십,김환우
경영과학,최병천
사랑과 결혼의 경제학,김영순
기초글쓰기,김성옥
한국근현대사,윤소영
중국어번역실습,김훈
사이버 공간과 윤리,정윤승
농구,이원찬
볼링,임은미
레크리에이션,최미영
소프트웨어공학,윤청
생물학,허향숙
공공문제와 정책분석,강근복
현대사회와 직업의 세계,박길순
젠더와문화,박영원
음악의 이해,김석구
프랑스문화 테마기행,신오식
회계감사,노준화
서양고고학,유용욱
박물관학개론,윤형원
영화와문학,손찬식
인간과 복지,황령희
인간과 복지,박현주
요가,오선정
기초글쓰기,김미영
조직행태론,박수경
성과문화,허선미
회계의이해,임학빈
DSP응용,김종훈
녹색공학,정진희
식물-미생물상호작용,오상근
공업수학,이승민
운동방법의 실제,이승민
군사학 4,학군단교관
인터넷과 법,윤기승
스키,문영진
스키,이동진
한국어문학,권양현
청년기업가정신,김천규
구전이야기의이해와응용,박종익
행복한삶과진로교육,이순희
대학생의성건강,안숙희
문학과 영상,박은경
스키,김동화
자기조절,전우영
우주의 기원,김광태
기초글쓰기,이권희
화학,천강문
중급회계 1,왕현선
공학윤리,김승영
Global English 2,스티븐 로랜드
인사관리,주지훈
화학,이충균
실용중국어,양진군
중급영어회화,제러미로렌스셜리번
멀티스케일융합시스템,강성민
IT융합기계시스템,이원균
동역학,송오섭
인권의사회학,최인이
열전달,유상석
CAD기초,홍준희
기계요소설계,우호길
자기개발과진로탐색,박기선
배낭여행으로 배우는 기초중국어,없음
직업과 진로,박길순
유기화학 2,김건철
국제종합물류론,임성범
영미문학과 문화,박영원
영화 속 철학이야기,이종성
융합지식과미래교육리더십,임나영
영화와문학,이다운
고급영문읽기,김명주
CAD/CAM,박상호
역공학설계,박상호
미적분학1,주항연
경영수학,장호규
국제통상론,유진만
인문학으로 현대미술 읽기,박세라
지질학개론 2,장찬동
사회심리학,전우영
감각및지각심리학Ⅰ,민윤기
성격심리학,김교헌
채권투자론,장호규
지방의회론,김찬동
기초물리학 2,이준회
중국철학사,김세정
유가철학과 사서의 이해,최정묵
인권과인성교육,허창수
통계수학 2,이상인
국제문화와 인권,신진
프리젠테이션과커뮤니케이션,유영준
조직행위론,정범구
원가회계 1,이우재
마케팅관리,배정호
조직행위론,이현응
경영통계학,구훈영
진로설계2,안기돈
경영학원론,전동화
국제운송론,조혁수
전자상거래의 이해,백은영
테마로 본 철학산책,김방룡
논리와비판적사고,정진우
고고학사,유용욱
인물로본한국사,김민석
식물환경조절학,김선주
서양사경사,차전환
한국전통시대의이해,백승철
역사학입문,박윤덕
서양의지적전통,박윤덕
서양근대사의이해,박윤덕
프랑스의역사와문화,박윤덕
미국과영국의정치,최수경
세계외교사,최수경
6.25 전쟁사,신종태
경제의이해,윤자영
상법,윤종미
회계의이해,송연경
교육과정,유병규
교육학개론,이순희
교육과정,허창수
논리회로및실험,김형식
선형대수2및실습,명노호
드로잉과기초조형,이수정
화학,원경식
공학컴퓨터언어,이종현
컴퓨터연습1,이재형
항공우주공학개론,강치행
심리학개론,전우영
교직실무,최건수
경제의이해,백민희
교직실무,백상현
패션소재,이정순
댄스 스포츠,김명자
기초화학 2,박창문
지방정책론,김찬동
화학개론,손정훈
기초화학 2,조우경
지방정부론,육동일
사이버 공간과 윤리,임윤정
기초글쓰기,김미정
심리학개론,박지은
국어작문1;표현과 논술,황인덕
국어작문1;표현과 논술,오영록
신용관리와가계재무,한지형
기초글쓰기,김기영
기초글쓰기,최명국
박막공학,윤순길
재무행정론,문광민
독일명작의 이해,서경홍
유럽의정치와사회,박재정
정치학방법론,고봉준
국제기구정치론,오영달
지식혁신과 지역거버넌스,강병수
커뮤니케이션,우희창
배드민턴,이주욱
프랑스축제와문화콘텐츠,박문규
기초글쓰기,전해림
성과 사랑의 철학,황수영
열역학,김홍집
스키,신의수
한국정치의 이해,이재현
쟁점과 토론,신진
수학 1,오세권
유기화학 2,염을균
교육심리,육명신
인사관리,류수영
배드민턴,정익수
정밀공학,원종호
기구학,원종호
현대소설강독,송기섭
소설론,송기섭
열및통계물리1,안강헌
테마로 본 철학산책,김승영
기계공작법,이원균
역학개론,우호길
컴퓨터응용기초설계,송오섭
인권과 법,송영현
산림자원측정학및실습,김세빈
경영과사회,류수영
시조가사명작감상,강재헌
e-비즈니스,오세구
인권의사회학,유보경
기하학,박준미
컴파일러개론,조은선
일본문화,윤혜영
비즈니스동향,민태기
서양의 역사와 문화,김충현
추리기법,박준용
인간·생명·윤리,서영식
학술적글쓰기1,김정숙
정부기업관계론,문광민
국어규범론,김정태
수치해석,조성진
경영실습,민태기
시사영어,정양수
열역학,유상석
글로벌경영론,신미숙
교육평가,반재천
경제통계분석,김원선
운동과 건강,현광석
국어작문1;표현과 논술,박종덕
교육사회,한상훈
영어어휘의 이해,구유선
자동제어,오동호
기초글쓰기,오영록
시사영어,김명주
조직구조론,박인
생활프랑스어,노은희
비즈니스중국어Ⅰ,이수연
산림토양생태학및실습,박관수
식물분류학 및 실습,이중구
금융수학,이윤희
재무의사결정론,권택호
중급회계 1,최수미
행정사례연구,배봉준(배응환)
국어작문1;표현과 논술,경일남
데이터 통신,김정일
유체역학,이용택
디지털사회와 소비자,이진명
산업조직론,백지원
기초공학수학1,김현석
사이버 공간과 윤리,김승영
디지털시스템,이욱진
공업수학1,천관호
재료과학1,홍순익
고체역학,박재상
기초글쓰기,김현숙
종합설계,홍준희
소비자와 마케팅,손영은
프랑스극문학,김미연
유전공학의 세계,배윤희
정치사상 1,조찬래
무역계약론,임성범
Global English 3,김웅식
중국의 고사성어,박승규
디지탈통신,정방철
국가안보론,조차현
영화 속 철학이야기,조지선
미적분학과해석기하학1,유승기
미적분학과해석기하학2,유승기
기하학,유승기
집합론및실습,유승기
디자인과 생활,김희라
멀티미디어 영어교육,정양수
경제의이해,권택성
운동과 건강,박정민
현대시명작읽기,이형권
기업가정신1,정범구
디자인과 생활,김현경
프로그래밍언어개론,박종현
Global English 3,고윤힐
프랑스어학개론,박문규
국어작문1;표현과 논술,손찬식
수학 1,구남집
금융기관론,윤평식
경제정보처리,권덕희
무역통계,유진만
창의적문제해결과팀워크,박기문
정치리더십론,조찬래
환경및자원안보,김지운
정치심리학,김지운
외교정책론,김학성
한반도와 동북아국제정치,김학성
정치사회학,김덕진
시민사회와 정치권력,박재정
중국정치론,김지운
국제개발협력론,윤기석
경제발전론,박지웅
현대영미시의이해,최동오
아시아지역 통상론,박상길
프랑스문화 테마기행,송진석
생활프랑스어,김영모
일반물리학1,박병윤
생물학,이영원
디자인과 생활,원강식
웹프로그래밍,유정연
디지털콘텐츠제작실습기초,이예중
태권도,김홍일
서지학개론,김순희
기초글쓰기,한주희
영어학특강,정양수
범죄심리학,곽대훈
재료열처리,배명일
응용동역학,송오섭
노사관계론,강명수
녹지환경보존학및실습,박관수
현악전공실기 1,김선희
현대사회문제,김주현
영미명작읽기,민경택
소비자문제Ⅰ,주문자
행정과시민참여,박대식
경영학개론,송장근
프랑스문학과예술비평,송진석
영어학개론,한진희
표현기법2,조은필
실기기법2,조은필
시사영어,오길영
재정학,염명배
교육심리,강영식
이산수학및실습,이돈오
수치해석,이상윤
창의적종합설계,오동호
생산시스템종합설계,홍준희
독일문화 산책,이화영
대중문화론,손병우
교육심리,한미라
열전달및확산,백경호
기초글쓰기,서은경
인간관계론,이순희
자기이해와생활경영,박미려
동양의문화와유산,오지해
인간관계론,손은령
Global English 3,엄정헌
진로설계2,김영아
영상으로 보는 유럽문화,오두영
정신건강,없음
국어작문1;표현과 논술,한주희
골프,최재석
프랑스축제와문화콘텐츠,권수경
한국정부론,김경식
현대사회와생명윤리,김명숙
사이버 공간과 윤리,황인선
웹데이터베이스구축론,오상희
역사를 바꾸는 미생물,이영하
교육학개론,김자운
벤처 창업론,강대석
오리엔탈 리더십,김재홍
프랑스문화 테마기행,노은희
창의공학설계입문,이태윤
대학에서의학습전략,김득준
공업수학,이태윤
회귀분석,이석훈
심리학개론,박도현
논리와비판적사고,임윤정
한국생활문화사,문광균
정신건강,이운영
기초통계,김홍기
현대인의 생활문화,이진명
인사심리학,이선희
사회봉사(1),박길순
사회봉사(2),박길순
기초글쓰기,조규찬
음악의 이해,차두식
국어작문1;표현과 논술,김혜경
전력전자공학,차한주
마이크로콘트롤러,이욱진
전기설비자동화,이욱진
신호해석,김종훈
Global English 3,박신영
응용생물학,오상근
경제의이해,홍성표
직업상담,정윤희
일본어교육론,박미경
동기와 정서,손진훈
교육과정,김두정
임상심리학,김교헌
비평론,홍혜원
일어학개론,금종애
CAD기초,박상호
교육학개론,궁선혜
프랑스축제와문화콘텐츠,이건수
기초글쓰기,이경미
교육방법및교육공학,김미영
사랑과 결혼의 경제학,김순미
프로그래밍언어,천은영
예술과 삶,김민아
교육방법및교육공학,홍효정
비교자치행정론,육동일
행정학원론,박수경
성과 사랑의 철학,이언의
교육사회,박명신
의미론,이향천
경제변동론,임재철
일반사회교육론,최원회
유체역학,고성호
회계의이해,최수미
외환시장,강대석
통계적방법,이석훈
국제통상법,성봉석
한국경제의 이해,육소영
현대소설강독,복도훈
현대문학개론,서영인
일본어문장표현연습1,이묘희
교육심리,김태희
기계재료학,김재훈
기술경영,김훈
생활속의 한자,없음
레포츠 및 수상안전,박만석
광역행정론,김찬동
운영관리,이경희
디자인과 생활,김익희
테마로 본 철학산책,김세정
수학 1,장현호
물리화학실험,류주환
고고학 개론,유용욱
테니스,이동진
탁구,신의수
실험계획법,이주호
영미언어와문화,션마이클모건
고분자공학개론,홍성권
행복한삶과진로교육,김연중
인사행정론,최도림
테마로 본 철학산책,김태식
공학윤리,이진경
조직구조론,박지성
상업정보 논술,이승복
영화의이해와감상,없음
지역사회교육론,강영식
산림과 인간,이인세
영국문학의 이해,최동오
소비자행동분석,정혜욱
응용고생물학 및 실험,이정현
물리학2,전민용
미적분학2,구남집
필수생물학,노현주
테니스,김명진
한문의기초,박우훈
기계공작법,박영우
생활일본어1,최영숙
벡터해석및실습,정용수
수학 1,한미현
기초복소해석학1및실습,정용수
심리학개론,석지우
거시농업경제학,박지웅
탐사적데이터분석,신지은
도시행정론,강병수
미디어와 정보사회,홍종윤
Global English 3,조미행
화학,박창문
생활프랑스어,조현진
생활과 정치,이재현
청소년교육론,강영식
평생교육방법론,강영식
교육학개론,박주희
교육실습의이론과실제,박수정
미적분학과해석기하학1,이건희
공공행정현장연습 1,신희권
시사영어,김웅식
창업의세계,안기돈
한국행정론,박대식
영미문예사조,오길영
기초공학수학1,백경호
한국의 역사와 문화,이정란
컴퓨터 입문,김상형
도시의 이해,강병수
글로벌현장학습,조대우
전자기재료설계,최지훈
반도체재료,임영언
응용유체역학,신원규
경영학원론,박인
글로벌현장학습,김장훈
한국외교론,김학성
정치리더십론,이욱근
분자유전학,김균언
경제학원론,백민희
미시경제학원론,권택성
거시경제학원론,백민희
거시경제학원론,이기훈
컴퓨터프로그래밍 1,원유재
기초물리학 1,정양수
생화학,김창수
기초회귀분석,이석훈
유체역학,신원규
수학 1,위희정
경제학특강,안기돈
수학 1,김충국
수학 1,이윤희
환경행정론,박성효
프랑스문학사,송진석
세포유전학및실험,안상낙
재료전산,이종현
재료과학1,임영언
촉매화학,김현유
표면과학,홍순구
서양의 역사와 문화,강미숙
프랑스어철자,박문규
아시아경제론,정세은
프랑스문화 테마기행,정재훈
교육행정및교육경영,맹재숙
Global English 4,이진숙
국제무역론,권택성
회계원리,이도희
동양의문화와유산,강경중
Global English 1,박순정
관광고고학,유용욱
무선통신시스템,이재현
기초글쓰기,박상완
논리와비판적사고,정윤승
분자유전학,김철희
태양계의 신비,김광태
회계원리,최수미
심리학개론,이운영
경찰학개론,김호겸
배구,이찬희
기초한문,명평자
동양고전과리더쉽,명평자
진로설계2,김천규
기계기초실습,이원균
응용고체역학,우호길
도서관경영,박현희
지식사회와 정보활용,김성원
생활프랑스어,정재훈
생활법률,구길모
회계의이해,염성수
정부규제와 스마트거버넌스,신희권
데이터통신,김상하
생활법률,이한태
한국근현대사,박민영
서양사,강미숙
조직행위론,주지훈
일본문화,이지숙
경제사,허수열
원가회계 1,강선아
암석지구화학 및 실험,최성희
한국의역사,정동준
화폐금융론,김원선
한국경제사,허수열
통합영어,칼슨웅
생화학캡스톤디자인1,최준식
객체지향설계,권택근
테마가있는합창클래스,전정임
재무관리,권택호
정수론및실습,안재현
한중관계사,이성배
전자무역,문희철
회계원리,송연경
인사관리,유병주
경영수학,오세구
고용현장실습,안기돈
재무관리,최향미
다변량데이터분석,이상인
영어회화2,제러미로렌스셜리번
국어작문1;표현과 논술,송주희
한국의역사,문광균
프랑스영화와샹송,이건수
관세론,박상길
상업정보 교육과정 및 교재연구,이승복
기초물리학 1,이준회
기초글쓰기,이다운
한국경제의 이해,권덕희
일본어1,박유미
기초물리학 2,정종율
인물로본한국사,문광균
서양사특강,허현
기초한문,류화송
창의설계입문,송화섭
패션과 테크놀로지의 세계,이선영
지구의 이해,차현주
외환론,허찬국
교직실무,이석범
생물학,백상기
최신DSP응용설계,이지홍
초소형기전공학설계,조성진
영상으로 보는 유럽문화,고재백
고급영문읽기,박영원
신라사,김수태
기계기술,이태윤
운동과 건강,임은미
조직구조론,강재열
성과 사랑의 철학,김명숙
회계감사,왕현선
수학입문,구세현
음악의 이해,박소영
국제금융론,오근엽
수학사,최성규
중국현대산문,김명학
일반물리학2,김문덕
기초위상학2및실습,구남집
학술적 글쓰기2,김정숙
6.25 전쟁사,임익순
국어음운론,정원수
생산관리,이경희
미적분학1,구남집
수리통계학2,이주호
응용프로그래밍,배종호
조직행위론,박인
교육행정및교육경영,박수정
생명코드,송수정
프레젠테이션과면접스킬,박길순
스키,이승민
레포츠 및 수상안전,정문현
사이버 공간과 윤리,김재홍
식생활과 다이어트,권종숙
오리엔탈 리더십,김방룡
전력시스템1,김건중
고급영문읽기,박은경
댄스스포츠,송대진
고등미적분학2및실습,손은영
노사관계론,유병주
경영의 이해,박인
기초위상학2및실습,박종서
기초위상학1및실습,박종서
고문서와 제도,성봉현
프랑스어음운론,박찬인
일반화학 1,손경선
소비자교육,손영은
중국사학사,이성배
정책과학개론,이덕복
로봇시스템,원종호
영작문 2,김연주
서양의 역사와 문화,박윤덕
행정과시민참여,김선경
통합영어,제이슨 로버트 가프니
항성천문학1및실습,이수창
기초한문,박우훈
프랑스축제와문화콘텐츠,노은희
영상으로 보는 중국문화,김용완
아동심리학,노수림
중국의 고사성어,이근석
생산관리,정상철
탁구,박정민
심리통계및실습,이선희
고체역학,김충환
댄스스포츠,김명자
기초글쓰기,김현화
축구,오병돈
기초물리학 1,김유배
수리통계1및실습,임채삼
공존을위한창의적설계,권재열
Global English 3,배진주
미술의이해,노명수
무역데이타 분석론,유진만
Global English 4,닉헤이즈
여성과 취업 성공 전략,김서연
Global English 3,김정순
경영학원론,성을현
아시아문화론,이영선
Global English 3,노숙원
무역일본어,박상길
프로그래밍언어개론,조은선
모바일소프트웨어설계,김기일
데이터베이스,최미선
영미문화읽기:주제별,매튜찰스로스
음악교육론,윤관기
경영학원론,우드제이콥그램
무역학원론,허찬국
농업환경과학,이희봉
무역실무,구종순
현대인의 독서치료,서기자
시사영어,배진주
영화 속 철학이야기,김승영
북한의정치와문화,신진
평생교육론,한상훈
종합설계1,윤청
수학 1,김학만
평생교육실습,한상훈
서양의 역사와 문화,고재백
기초글쓰기,양미영
디지털문학,서경숙
문학과 영상,최동오
시가 흐르는 삶,박영원
국가정책과환경·에너지,윤영채
소비자조사,손영은
가족자원관리,김순미
소비자의사결정,주문자
공공 및 학교도서관 경영,박현희
지식혁신과 공공정책,이찬구
지역사회 및 지역개발론,강병수
무역관계법,임성범
데이터베이스구축의이론과실재:MS-SQL 2008 기반으로,없음
환경사회학,박치현
정치학개론,이욱근
그린의약소재분석이론및실습,윤민호
일반화학 2,조우경
생명의 이해,이윤익
복식사회심리,김한나
한국사학사,김수태
일본어문장표현연습2,최영숙
정보조직의이해,이성숙
CEO의리더십과젠더의식,박길순
패션과 의상,김수진
한국 고미술의 이해,김수진
한국 미술사 개론(고적답사포함),김수진
국어형태론,김진수
창의설계입문,장경선
Global English 3,김연주
기계진동학,조택동
수학 2,김학만
기초독일어,민향기
행정학개론,이향숙
한문입문,박우훈
정치경제학,류동민
화학실험,이충균
무역구제론,성봉석
고체역학,우호길
환경경제학,이기훈
문화인류학,김동주
기초한문,이관성
교육사회,조혜승
영미문학과 주제연구,서경숙
자료구조및실습,박정희
컴퓨터프로그래밍 1,이영석
국어작문1;표현과 논술,이금영
진로설계2,이영하
지중해문명기행,김충현
Global English 3,정금미
소비자행동분석,허정
교직실무,나태순
독일사회의 이해,함수옥
영어학특강,주진국
인사관리,한인수
상업정보 교육론,강재열
기계응용 환경과에너지,신원규
프랑스어발음2,바네사부르봉
스포츠와 문화,진윤수
이문화경영,김성
중국의 고사성어,정대웅
정수론및실습,명노호
일본문화,이재우
전자회로2,차한주
정수론및실습,강병련
소셜미디어의세계,김재영
기계재료학,송화섭
시론,박종덕
영미언어와문화,한진희
정신건강,최영임
영화 속 철학이야기,허준
Global English 1,이진숙
인간의진화,이영호
컴퓨터프로그래밍 1,유관종
생활원예,이풍옥
지질학개론 1,최성희
경제학원론,김유정
기초글쓰기,송기섭
노사관계론,성을현
미적분학1,손은영
선형대수,손은영
기초수학,정회만
고등미적분학1,정회만
수학 1,정회만
고등미적분학2및실습,정회만
물리학개론,박종철
서양의 역사와 문화,황은정
국제통상론,윤기관
국문학사,김진영
인지언어학의이해,백미현
행정학원론,윤석경
실험통계입문,신지은
중급회계 1,강선아
특수교육학개론,이미애
기초물리학 1,이병주
영어학개론,조동인
집합론및실습,오세권
재무행정론,박종우
일반화학 1,박윤봉
건축과 사회,진은미
회계의이해,김흥식
실험통계학,임미홍
교육방법및교육공학,김득준
마케팅 스토리,없음
동양현대사,이성배
전자무역법규및정책,임성범
대수학 1,안재현
위상학특강,주항연
비교정책론,조영선
국제행정론,박수경
생활프랑스어,김미연
동남아시아의역사와문화,이영선
미술해부학 1,강준현
미시경제학,이병채
물리화학,백두현
형법각론(범죄와질서),없음
영화 속 철학이야기,양선진
미술의이해,김정미
Global English 3,김영신
파생상품론,박순홍
공학입문,송화섭
일본문화,박유미
영어통사론,홍성심
미시경제학,염명배
통계조사,신지은
일본어1,최영숙
국문학개론,윤보윤
운동과 건강,김보람
음악의 이해,황영세
경찰과 사회,없음
경제학설사,류동민
실험통계학,안상낙
민법총론,최윤석
미시경제학,VYNNYTSKA MARTA
거시경제학,이강세
시사영어,박순정
미술의이해,정경애
공기역학 2,이재하
비행추진장치,허환일
자동제어,김승균
시계열자료사례연구,장기덕
고급회계,백혜원
무역중국어,성나영
중국어문법,강혜근
조리원리및실습,김미리
조직과학개론,윤정우
융합지식과미래교육리더십,이승민
무역학원론,문희철
재무제표분석,노준화
세계정치론,오영달
수리경제학,이병채
행정영어,박대식
일본문화,금종애
법여성학,육소영
전기자기학1,김정일
공업물리,김정일
전기회로1,김정일
공급사슬관리론,송장근
정책학개론,강근복
일반사회교재연구및지도법,최원회
일반사회논술,최원회
인권과 사회,양해림
제어공학개론,천관호
사회복지조사론,이선화
학교사회사업론,이선화
소비자와 마케팅,구혜경
프랑스축제와문화콘텐츠,주현진
형이상학,송영진
서비스운영관리,이경희
중국어1,없음
국어작문2;생활과 논술,조규찬
자기이해와생활경영,김윤희
글로벌현장학습,박경혜
행정실습,박성효
원가회계2,염성수
인사관리,강재열
행정사,김권집
사이버 공간과 윤리,임병학
대학물리학1,이유
한국생활문화사,임혜련
한국의역사,강진원
동양의 역사와 인물,김은정
보석의 신비,신현숙
영어구조의이해,심유희
중국어,이수연
기초한문,이정규
Global English 3,이진숙
공학윤리,남순예
가족사회학,전광희
교육학개론,김언주
정부회계,이도희
현대사회와 심리,고홍월
화학,송봉근
생물학,박연일
운동과 건강,한동엽
기초한문,서성준
중국기초고문,강택구
기초글쓰기,오수연
미적분학2,오세권
한국 고미술의 이해,김은아
공업수학,김충환
응용고체역학,김충환
고등미적분학2및실습,박진해
기초수학,박진해
유전공학의 세계,김소영
언어치료학 입문,성철재
Global English 2,루크윌리엄바이비
조직행위론,송계충
식생활과 다이어트,이선영
경영전략,이영덕
국어문법론,박재희
창작론,박종덕
영상예술시대의희곡론,윤석진
국어의미론,김진수
훈민정음의이해,이금영
프랑스문화 테마기행,홍미선
창의형캡스톤디자인,박진원
생명과학,유관희
회로이론 1,이재용
Global English 2,쟈넷일레인핀슨
테마로 본 철학산책,김수배
일반물리학연습2,김현
공업화학입문,류향임
화학,김은경
융합지식과미래교육리더십,이창훈
서양철학사,양해림
경영의이해,이현응
경제학원론,유진만
통합영어,크리스토퍼 갈랜드
통합영어,닉헤이즈
경영수학,이경희
영어통사론,한진희
해양지구물리학및실험,박종오
물리학2,유신재
시사영어,현영민
실용의사소통영어,윌리엄타드데이
고급영문읽기,박종성
댄스스포츠,이정흔
기술사업화,조석홍
교직실무,김서래
전기·전자·통신교육론,김태훈
실크로드 문화 기행,강경중
화학,이창준
공학윤리,이영자
"빛으로그리는그림,영화제작의기초이해",없음
프랑스축제와문화콘텐츠,한용희
행정기획론,이찬구
스키,현광석
중국어연습,박승규
컴퓨터프로그래밍 1,박지수
운영관리,박경혜
창의설계입문,임남형
식품산업개론,김기흥
농업경제학,김은순
농업계량경제학,김은순
농업경영학,김재홍
농업사,김재홍
농산물유통론,김성훈
농산물가격론,홍승지
미시농업경제학,홍승지
정신건강,한건환
신화와 함께 읽는 시,최동오
수학 2,류정아
통사론,류병래
실험음성학,성철재
동남아지역언어와역사,이영선
현대 미국소설,김명주
학교상담과생활지도,고홍월
사이버 공간과 윤리,윤종빈
컴퓨터프로그래밍 1,최훈
기초글쓰기,윤정기
시사영어,조미행
글로벌경영의 이해,박재기
현대중국학,이동훈
조직구조론,강신형
심리학개론,박미숙
기초수학,이주리
법사회학,송영현
무역학원론,오근엽
회로이론 1,우종명
기초글쓰기,이규일
미적분학1,오세권
미술의이해,박혜지
생물학,노현주
중국테마기행,김명학
거시경제학,박지웅
민법총칙,이용인
지휘법1,조규진
GIS,조성호
음악의 이해,남지연
수치해석,이지홍
영화 속 철학이야기,김근욱
형법총론,없음
경영학원론,주지훈
현대 영국소설,박은경
국가안보론,길병옥
영미문학과 주제연구,최동오
고급영문읽기,엄정헌
진로설계2,김정기
세무회계1,노준화
행정조직론,박수경
생활속의헌법탐험,없음
국어작문1;표현과 논술,김기영
O.R.개론,이민구
노인교육론,강영식
경영전략,오세구
환경행정론,배응환
수학 1,정세영
미적분학2,정세영
교육철학및교육사,이우진
심리통계Ⅰ,노수림
오페라클래스 2,류희문
식품화학 1,이기택
원가회계 1,김흥식
신경과학의 기초 및 실습,손진훈
세포생물학,이명철
전산구조해석,홍창호
한국교육사,최광만
건축과 사회,양승희
사회학개론,최인이
산업사회학,최인이
기초글쓰기,오세란
글로벌재무관리,조대우
스키,윤대현
무역영어,백은영
중급회계2,임학빈
교육과정,한승욱
마케팅관리,정보희
평면조형디자인 Ⅱ,김민아
의학논문작성법,박승길
전자기학1,김종현
프랑스어문법2,김미연
수학 1,주항연
수학 1,이상훈
고급영문읽기,최동오
마케팅전략,정보희
시사영어,엄정헌
화훼원예학각론및실습,이긍주
정부회계론,김시동
수치해석학1및실습,오세영
정보와게임,노응원
자료구조설계,박정희
전기자기학1,이성재
공학수학1,황동환
소비자의사결정,김영신
한국근현대사,박경목
영상으로 보는 유럽문화,황은정
상담심리학,고홍월
통계분석입문,배종호
생명의 이해,백상기
조직행위론,강신형
분배와민주주의의경제학,류동민
기초글쓰기,김은경
통계학입문,임채삼
알고리즘,공은배
영화속법률,송인방
한국고대사,강진원
세무회계 2,문수원
현대물리,전민용
수학 1,최성규
회계원리,백혜원
영어회화1,크리스티브림로우
정보화시대의정치,이지경
한국한문학론,손찬식
공학경영,이재진
기초한문,문창호
공학입문,배명일
창의설계입문,배명일
가계재무설계,박주영
물리학개론,조혁
일본어1,이지숙
통신이론,장윤선
통신이론,김환우
고급영문읽기,박순정
생산자동화,홍준희
기계계측 및 실험,조성진
기초생명과학,김동명
융합기전공학,홍준희
Global English 3,조선아
선형대수1,오세권
현대 해석학 강의,양해림
시사영어,노숙원
필수생물학,이웅희
영화와법률,없음
성과문화,김소임
파생상품론,윤평식
정부기업관계론,박종우
북한의 이해,신진
논리와 비판적 사고,임윤정
재무관리,김현숙
영화와문학,윤석진
기초한문,이현중
식생활과 다이어트,이근종
창의발명과지식재산이해,황주영
스키,정성한
진로설계2,송인방
창의발명과지식재산이해,이명훈
고구려사,강진원
수학입문,이상백
Global English 4,박신영
인간·생명·윤리,조흥만
CEO의리더십과젠더의식,손종학
기초한문,오승준
고사성어로 배우는 중국 역사와 문화,엄귀덕
영화와문학,윤은경
낭만주의 영국시,최동오
컴퓨터프로그래밍 2,남세진
기술경영,조석홍
스키,박세윤
화법과생활,송미영
인간관계론,전현영
World Englishes and Cross-cultural Communication,박은민
테마로 본 철학산책,정윤승
경제학특강,임재철
영어구조의이해,김웅식
교직실무,천세영
영미언어와문화,김영신
한국어문학,이규일
이산수학,황치정
서양의 역사와 문화,차상철
의약바이오 개론(II),박기웅
성과 사랑의 철학,김재홍
무역관계법,박상길
기초글쓰기,윤은경
예술과 삶,최솔구
실전성공취업전략,오유식
프레젠테이션과면접스킬,이정흔
현대사회와 직업의 세계,이정흔
창업과법률,송인방
통계학,임미홍
영작문 1,존루니
행정기획론,이향숙
수학 1,강동오
실용프랑스어,김종명
미래생활과 창의성 개발,이선영
교육학개론,한승욱
교육심리,이순희
가족복지론,김은하
교육행정및교육경영,김선영
수영,방인백
기초미분적분학,박진해
심리학개론,노수림
미적분학1,이건희
미국은어떤나라인가?,박경호
교육방법및교육공학,김지숙
경제의이해,배진한
영상으로 보는 유럽문화,김충현
해양과학,차현주
유기화학 2,이범재
영상으로 보는 중국문화,이성배
한문고전과삶의지혜,박우훈
무역실무,백은영
생활과 정치,민병기
중국어학입문,강혜근
전산개론,김인호
교육행정및교육경영,김미정
산업연계캡스톤디자인,김정기
생물심리학 및 실습,손진훈
창업의세계,송인방
경제학원론,권덕희
문화인류학,안경주
국어사,이금영
해상보험론,구종순
한국문화의기원,박양진
경찰과사회,없음
복지행정론,조영선
운동과 건강,윤대현
물리학1,유신재
서양사개설,김응종
동양고전의 이해,이성배
경영학원론,박종욱
인권의사회학,박노영
서양사의아웃사이더,장은주
행정학개론,윤석경
해양학개론 2,김기현
오리엔탈 리더십,이선행
그린의약소재상품학이론및실습,김미리
열역학,유성연
영화 속 철학이야기,이진경
행정영어,하영일
창의설계입문,박종현
공업화학,허강무
사회복지행정론,이경희
사회복지자료분석론,이선화
국제정치경제론,최수경
비즈니스중국어Ⅱ,이수연
수학 1,권선주
일본어연습,마츠하시사치요
영상으로 보는 생명·환경 윤리,김명숙
중급중국어회화,유위
사회복지조사론,박현주
해양조사방법론,최만식
영미문학과 문화,오길영
고체화학 및 설계,한규승
고급영문읽기,김연주
지질해양학,박수철
Global English 4,라이언베거
World Englishes and Cross-cultural Communication,전주현
통합영어,러셀커크비
인식론,정연홍
조직행태론,사용진
소비자행동분석,장정민
평생교육프로그램개발,없음
음악의 이해,성재창
교육사,최광만
정신건강,이영창
공학윤리,임윤정
멘토링과코디네이터,없음
일반물리학1,김문덕
역학 1,심경무
정책학개론,이향숙
프리젠테이션과커뮤니케이션,이희승
프로그래밍언어개론,이만호
쟁점과 토론,강창구
기초글쓰기,정현경
행정법각론,최인호
무역관계법,성봉석
이산수학,공은배
생명화학의 이해,박상민
한국의역사,이기봉
컴퓨터프로그래밍 1,민동보
수목학및실습,이중구
교육행정및교육경영,문성윤
향가여요,강재헌
세포생물학,김영상
일반화학 1,박창문
물리학,박종철
운동학습 및 제어,이승민
글로벌마케팅,황경연
소비자와시장,김영신
가정경제론,김순미
형법총론,도중진
미래기업가되기,박건영
한문수필,박우훈
세무회계1,이도희
일본어1,금종애
노동경제학,배진한
산업조직론,양영식
원가회계 1,이도희
거시경제학,김원선
스토리텔링과콘텐츠플랫폼,윤석진
집합론및실습,강보원
영화와문학,정현경
경제수학,노응원
기초통계,이영창
국어자료의 이해,김세진
데이터통신,이영석
운동과 건강,김광찬
운동과 건강,이영란
생화학,이한길
기술 언어학 강독,노용균
고급영문읽기,김정순
한국어문학,박상완
행정학개론,김시동
유생물화학및실험,남명수
컴퓨터응용기초설계,홍준희
메카트로닉스개론,홍준희
경제의이해,류동민
인권의사회학,박혜경
분석화학 1,최준식
운동방법의 실제,최미영
영어회화 3,존루니
특수교육학개론,이성일
철학자의 삶과 인문콘텐츠,한대석
통합영어,패트리샤 홀든
일본문화,김은영
한문학사,이향배
The UN and Human Society,오영달
미술의이해,안보미
컴퓨터네트워크,김병철
물리학개론,허복회
통신이론,나성웅
반도체공학,이가원
컴퓨터네트워크,정방철
객체지향프로그래밍,권영미
사이버 공간과 윤리,양해림
영작문 1,매튜찰스로스
식생활과 다이어트,고영은
Global English 1,김영신
기초글쓰기,구선우
자료구조및실습,김현수
한국고전의원형콘텐츠와응용콘텐츠,김진영
동물분류학,안기정
청소년복지론,박현주
소비자와 마케팅,김영신
Global English 3,박정화
한미관계사,차상철
농업경제통계,권용대
주역과 인생,최정묵
지구의 이해,정광영
영화 속 철학이야기,윤종빈
서비스운영관리,송장근
배드민턴,박세윤
관리과학,이상용
사랑과 결혼의 경제학,김경미
진로설계1,강혜근
수학 1,류정아
컴퓨터프로그래밍 1,김용희
공학입문,고용성
의약바이오개론(I),박기웅
기초물리학실험 2,오병성
영작문 3,주진국
정신건강,한경훈
테마로 본 철학산책,황인선
프랑스아방가르드문학,이건수
인간관계론,전미애
공학윤리,배용준
영화 속 철학이야기,황수영
국어작문2;생활과 논술,오수연
운동과 건강,임정
기초글쓰기,김사홍
국어작문1;표현과 논술,구선우
일반창업실무,김천규
수학 2,이상훈
기초물리학 2,정양수
사이버 공간과 윤리,김창경
정책소통과소셜미디어,김재영
현대작가론,박상완
자치행정학개론,최진혁
영국문학사,김택중
현대문학사,이형권
음악의 이해,김은영
건축과 사회,김형진
Global English 3,전주현
공학경영,백진현
고전소설강독,경일남
교직실무,정해황
국제무역론,VYNNYTSKA MARTA
사랑과 결혼의 경제학,박현숙
기초컴퓨터조형모델링 II,차성욱
제품기획프로세스,안승식
축구,변상수
비판적사고,박준용
집중중국어,김명학
직업과 진로,이정흔
수치프로그래밍및실습,윤충섭
영어 논술,김민
기계재료학,홍종승
지방재정론,신희권
공학논문작성과 발표,김미정
세무회계1,이대규
식생활과 다이어트,김성희
한국음악의 이해,이옥순
외교정책론,유병선
인류문명의 발생과 전개,하대룡
행복한삶과진로교육,전현영
섬유재료학,정영규
Global English 2,김영신
바이오 자원산업 입문,김창수
대전의재발견,없음
미래창조트랜드3.0,박건영
한국행정론,라수정
중국의정치경제,김지운
멀티미디어제작실습,최순희
시조가사선독,강재헌
세계음식문화및실습,박명순
국어작문1;표현과 논술,윤보윤
평생교육방법론,한상훈
공업물리2,강태규
기계요소설계,김충환
교육실습의이론과실제,박용한
상담심리학,조성근
집중중국어,박영종
국제정치론,이재현
Global English 3,한진희
기초물리학 2,김유배
소비자행동분석,정용길
행정학원론,김시동
행정철학,김선경
한국정치의 이해,김덕진
교육실습의이론과실제,손은령
소설교육론,복도훈
교직실무,박수정
현대화학2,박창문
조직행위론,강재열
재무관리,강석훈
디지털사회와 소비자,구혜경
공정자동화1,한명완
수치해석학1및실습,정세영
미분방정식및실습,최성규
리더성공학,박기선
미래전쟁론,송승종
군사정책론,송승종
정신건강,김수현
현대정치사상의 쟁점,이욱근
교육방법및교육공학,김정겸
기초한문,이송희
창업마케팅,박건영
한자와한국한문학의이해,김기영
일반언어학 1,이상직
언어입문,이숙의
산림환경과학,이인세
고사성어로 배우는 중국 역사와 문화,이동훈
글로벌경영원론,이상빈
예술과 삶,최가정
컴퓨터언어,박혜경
시사영어,한진희
물리학,김유배
한국도자 탐구,송인희
영상으로 보는 중국문화,강경중
미국소설과영화,없음
국어작문1;표현과 논술,정현경
금속조직학,조성길
기술관리,구훈영
한국의 역사와 문화,정선여
기초물리학 2,유정선
"유,공압공학",정조순
유체기계설계,정조순
유체기계,정조순
현대문학개론,한상철
생산관리,박경혜
생산관리,오세구
북한의 이해,강창구
성과 사랑의 철학,이진경
재무관리,박순홍 외 1명
중급회계2,백혜원
중국어,김현규
재배학범론,조진웅
산림과 인간,박범진
행정법,조인성
국어작문1;표현과 논술,김현숙
거시경제학,백민희
통합영어Ⅰ,패트리샤
발명과지식재산이해,황주영
시사영어,전주현
진로설계1,홍성표
투자론,윤평식
컴퓨터구조 1,김형식
현대인의 생활문화,신은미
Global English 2,라이언베거
심리학개론,한건환
자동제어,강이석
경영과사회,한인수
공급사슬관리론,구훈영
현대사회와교육의이해,김언주
댄스스포츠,최미영
영화 속 철학이야기,김태식
한국 인구와 고령사회의 미래,공선희
일반물리학1,송종현
고전시가론,김기영
조선조시가론,손찬식
자연과학글쓰기,황대성
물리학,정양수
기초한문,김희자
영어회화2,존루니
골프,이수행
장애아행동수정기법,없음
영화와문학,김사홍
창의설계입문,민동보
고사성어로 배우는 중국 역사와 문화,이근석
수학 1,명노호
컴퓨터제어,이상정
원가회계 1,곽태완
조직행위론,성을현
음악의 이해,백연진
현대인의 생활문화,이준호
중급회계 1,김명휘
생산관리,최병천
조사방법론,윤영채
확률 및 통계,이만호
화학2,이창준
Global English 1,박정화
직업과 진로,홍성심
해양유체공학,김형태
일본문화,유재신
화학,김학진
조직구조론,류수영
한국희곡사,김진영
교직실무,오상혁
법학개론,송인권
계량경영학,최병천
일본어 2,김은영
식생활과 다이어트,서윤석
한국독립운동사,김상기
재배학개론,문창식
Basic Life Science and Issues,권재열
중급회계 1,노준화
논리와 비판적 사고,정윤승
피트니스 트레이닝,이광우
한국의 역사와 문화,김창현
정치학원론,오영달
삶과 죽음의 철학,김명숙
미래생활과 창의성 개발,김정화
미분기하1,주항연
식생활과 다이어트,김재한
새로운시장발견과창업마케팅,김형준
보디빌딩,이광우
광고의 이해,이승선
실크로드 문화 기행,허부문
메카트로닉스개론,이이선
미적분학1,이민희
영상으로 보는 유럽문화,차전환
옛말문법론,이금영
지식재산개론,최유성
시사중국어,김선희
한국정치론,오영달
원가회계 1,왕현선
생활지도및상담,전현영
교직실무,조혜경
인문학으로 현대미술 읽기,심웅택
행정법총론,최인호
국어학개론,윤정기
소비자교육인턴쉽,구혜경
기초글쓰기,송지연
운동방법의 실제,윤대현
트레이닝론,오정환
사랑과 결혼의 경제학,김인정
교육철학및교육사,최병태
국어교육론,박수연
경영의이해,성을현
문학과 성,문선정
일반화학 1,김학진
Global English 4,루크윌리엄바이비
지방행정론,김선경
일본문화사,유재신
행정과시민참여,김경식
영작문 2,존넴닉
영작문 2,존그레고리넴닉
물리전자,김정일
영작문 2,주진국
시사영어,조기현
영화 속 철학이야기,김창경
조직행위론,강명수
사회봉사(1),이정흔
운동방법의 실제,이진
시사영어,채희숙
사이버 공간과 윤리,정진우
창업기업및기술가치평가실무,김천규
6.25 전쟁사,배일권
쟁점과 토론,정일동
지구시스템과학,신현숙
접합공학,배명일
화학실험2,김건철
수학 2,안재현
시사영어,서경숙
한국의역사,노용필
지구의 이해,최근형
일본문화사,강혜선
기술경영,김능진
국제무역비지니스영어,조혁수
통합영어Ⅰ,성하정
축구,유인권
댄스스포츠,서수진
개화기문학론,한상철
무용의 이해,이진희
중급회계2,노준화
경영의 이해,강재열
세무회계 2,이대규
프로선수와함께하는스노우보드,없음
영어학개론,조기현
기초글쓰기,윤보윤
현대중국의이해,이동훈
선형대수,안재민
프레젠테이션과면접스킬,손종학
창의공학설계입문,이창훈
생활법률,송인권
통계학,이부일
수영,최재석
음악의 이해,이현정
생활지도및상담,이소라
정신건강,김교헌
화학개론,손경선
기초글쓰기,유세진
일본어한자한문,오영숙
Global English 2,전주현
고급영문읽기,현영민
국어작문2;생활과 논술,박상완
시사영어,이규정
형사소송법연습,구길모
형법각론,구길모
공학윤리,황인선
컴퓨터프로그래밍 2,이공주
선형대수,이재현
경영의 이해,성을현
시민사회와 정치권력,김덕진
커뮤니케이션,이윤복
자유교육론,차제순
지식사회와 정보활용,양승옥
글로벌공학리더십,류재문
창업과혁신역량,박진원
경제의이해,권덕희
기초화학 2,이창준
국어작문1;표현과 논술,오세란
국문학개론,황인덕
인지신경과학,손진훈
계산이론,유관종
야영훈련,이광우
일본어문어문법,박미경
식품품질관리전문인력인증,김영아
상변태,이갑호
경영수학,송장근
국어자료의 이해,정원수
공학법제,길준연
도시행정론,김선경
동양기상과풍수,장동순
회계감사,이도희
식생활과 다이어트,박선영
중국어와중국문화,양진군
초급중국어회화,유위
인사행정론,김시동
생화학 2,권태익
효소학,이찬용
천문우주과학2,조정연
기초물리학실험 2,임국형
기초물리학 1,정종율
정신건강,임숙희
미술의이해,최가정
한국의역사,김창현
일반화학 1,조우경
동양의 역사와 문화,강경중
생물학,이윤익
현대인의 자기경영,김윤희
이산수학및실습,이주리
미적분학1,박종서
기초위상학1,박종서
전자정부론,김선경
인권과교육,허창수
국어작문1;표현과 논술,이규일
한국의 역사와 문화,임혜련
회계원리,김흥식
서양고대철학,송영진
인간관계론,이소라
패션과 의상,이소라
통합영어,박은민
미시경제학,양영식
대학에서의학습전략,김정겸
사회심리학,박은리
경제정보처리,허수열
중국어와중국문화,엄귀덕
행정조직론,김권집
공업수학,김정일
중급영어회화,매튜찰스로스
집합론,구세현
집합론,최성규
천문우주과학1,조정연
수리통계1및실습,이윤희
컴퓨터응용기초설계,이이선
물리학1,구현모
패션과 의상,윤소영
영어회화1,존루니
경영통계학,최병천
선형대수1,김웅태
벡터해석실습,장익순
미적분학2,안재현
이산수학및실습,위희정
미적분학1,안재현
기하학,이승희
대수학 1,신동수
물리학,이재영
기초위상학1,이건희
편미분방정식,김아영
기초위상학1,최성규
수치해석학 1,오세영
수학 1,김아영
고등미적분학1,김학만
Global English 1,채희숙
국어작문1;표현과 논술,오수연
공업교육행정및시설,김태훈
수학 1,장익순
국어작문1;표현과 논술,윤정기
생산관리,구훈영
한국경제의 이해,정세은
마케팅관리,윤성중
실용읽기,엄정헌
통합영어,조현관
기초생물학,임현섭
현대화학1,부봉현
마케팅관리,정혜욱
중국어연습,이근석
기초물리학 1,김효진
영화 속 철학이야기,김명숙
생물학 1,박연일
필수생물학,허향숙
컴퓨터응용기초설계,배명일
CNC가공 및 실습,배명일
학교참관실습,이병욱
직무분석,이창훈
운동과 건강,장학영
기초한문,조정윤
유전공학개론,김동명
일본의이해3,장남호
한국의역사,임혜련
기초글쓰기,백윤경
생물학 1,임헌만
북한의정치와문화,강창구
심리학개론,엄진섭
심리학개론,김남일
예술과 삶,박달님
생활지도와 상담,이명훈
일본문화,박미경
배드민턴,이명휘
초급프랑스어회화,바네사부르봉
중국현대작가와작품,우준호
국어음운론,김정태
거시경제학,노응원
식물생리학,박연일
식물조직배양학,김호일
생명공학과 원예육종,김호일
창업가마인드,박진원
노사관계의 이론과 실제,배진한
경제변동론,양영식
마케팅전략,윤성중
현대사회와 직업의 세계,홍성심
정책분석론,강근복
헌법,이한태
전기전자공학개론,송화섭
국제금융론,허찬국
수학 1,윤찬미
패션과 의상,윤지현
영어회화1,매튜크로
기초화학 2,천강문
창업가마인드,김천규
진로설계1,김장훈
회계원리,염성수
인권과 현대사회,정윤승
영화와문학,송지연
수학 1,강병련
교육실습의이론과실제,전미애
식생활과 다이어트,송미영
인물로본한국사,김상기
국어작문1;표현과 논술,백민정
교육학개론,서민화
민법총칙,최윤석
개화기문학론,홍혜원
고급영문읽기,서경숙
창업기업의재무와자금조달,김천규
교육과정,강신원
국문학개론,박종익
통합영어,콘래드스튜어드벌루베이커
국어학개론,강연임
레크리에이션,김명자
6.25 전쟁사,나태종
오리엔탈 리더십,임병학
경영실습,한재용
국어작문1;표현과 논술,홍웅기
사회 보장론,정연택
사회복지실천기술론,유채영
사회복지법제,정연택
글로벌경영원론,전향화
교육행정및교육경영,유지영
경제학원론,김원선
집중중국어,박승규 외 1명
중국의 고사성어,강택구
영화 속 철학이야기,임윤정
공학수학 2,김인호
프랑스시의이해와감상,이건수
고급영문읽기,이주황
Global English 3,이주황
화학,염을균
프랑스어권사회와문화,신오식
외국어로서의 한국어교육,이금영
중국문학입문,우준호
프랑스어뉘앙스,박찬인
국문학개론,조도현
댄스스포츠,이문숙
생활프랑스어,박문규
기초수학,오주미
지역경제학,안기돈
벤처 창업론,송계충
생산관리,송장근
기초글쓰기,이형권
식품분석및실험,김경희
국어방언학,김세진
고급중국어,양진군
공학수학2,고형호
전자회로1,고형호
전자회로 2,고형호
프랑스문학과도시,주현진
회로이론및실험1,나성웅
식생활과 다이어트,김신희
전자기계,노명규
텍스트언어학,김진수
디자인과 생활,이예중
국어규범론,김은경
문학과환경,한상철
메뉴관리와 디자인,박명순
현대시강독,이형권
성과 사랑의 철학,임병학
교육과정및교육평가,진재열
행정학개론,라수정
생노병사의 비밀,방재욱
영어회화 3,존그레고리넴닉
볼링,민경은
융합지식과미래교육리더십,박수연
기업가정신1,송계충 외 3명
한국행정론,김시동
건강가정론,한희선
기술경영,구훈영
상업정보 교수법 및 평가,박인
물리화학 1,박창문
고등미적분학2및실습,전길웅
논리와 비판적 사고,정연홍
정신건강,김상희
환경경제학,최한주
미래기업가되기,김천규
회계의이해,왕현선
생활프랑스어,박찬인
한국어문학,손찬식
의류산업과직업,이서윤
배구,백종선
경영학원론,송계충
생활원예,황선애
재무관리,이해문
경영정보시스템,정상철
노사관계론,남기섭
서비스마케팅,서용모
경영분석,박순홍
경영전략,송계충
경제학원론,권택성
경영학원론,한재용
유통관리,서용모
조사연구방법,김철식
사회학개론,박노영
법여성학,정경수
정신건강,김남일
일반생물학 1,박일현
국제기술축적및사업화,조석홍
조직구조론,성을현
음악의 이해,이윤정
건축설계2,유병구
성악클래스,서은진
생활법률,최영덕
스키,여정권
경제학원론,양영식
서양의 역사와 문화,장은주
영화 속 철학이야기,민홍석
한국생활문화사,백미선
한국의역사,정선여
국어작문1;표현과 논술,서혜지
이산수학,오세영
영화 속 철학이야기,임병학
시가 흐르는 삶,이승례
교육사회,정용하
공업기술사,이영민
기계공작법,민택기
운동과 건강,박희근
우주의 기원,이태형
일반화학 2,강준길
Global English 1,윤미령
서양건축사,이응현
국어작문1;표현과 논술,김은경
식물과 환경,김선주
영미언어와문화,심유희
경영학원론,서용모
물리전자,이희덕
데이터 통신,장윤선
생활원예,이민선
음악의 이해,이종희
정신건강,손애리
고급영문읽기,배진주
국어작문1;표현과 논술,이권희
Global English 2,존길레스피
실용의사소통영어,루크윌리엄바이비
일반화학 1,김영준
기초물리학실험 1,이해심
인간관계론,강영식
물리학개론,유정선
심리학개론,반세범
패션과 의상,박수진
생화학3,이찬용
태권도 1,김홍일
생활프랑스어,홍미선
한국한문학강독,김기영
통합영어,루크윌리엄바이비
일본어1,이재우
직업과 진로,손종학
리더성공학,이관영
음악의 이해,정은석
금융시장·금융상품,이태규
CEO의 성공학,홍성심
사이버 공간과 윤리,배용준
스키,양도업
대학생의성건강,김현리
패션과 의상,류신아
시사영어,임명희
현대사회와 직업의 세계,손종학
창의적공학설계,김태훈
전기·전자·통신 논술,김태훈
전기·전자·통신교재연구및 지도법,김태훈
글로벌경영원론,박재기
Global English 4,송정수
영어전치사 강론,백미현
한국의역사,백미선
기계재료학,민택기
한중 벤처비즈니스의 이해,조대우
추진장치설계,허환일
동역학,박재상
항공기진동론,박재상
정역학,박재상
심리학개론,김수현
패션과 의상,이순임
기초한문,이재숙
일본어강독1,장남호
인구학입문,전광희
국어작문1;표현과 논술,이다운
통합영어,정금미
한중 벤처비즈니스의 이해,이상빈
현대문학교육론,박종덕
국어문법론,정원수
재무관리,윤평식
미생물과 인간,황지숙
경제의이해,강영삼
교육방법및교육공학,이성일
인권과 현대사회,양해림
서양철학사,정윤승
국제법,하영일
무역학원론,구종순
그린의약소재조작기술이론및실습,김영아
기계재료학,이이선
발달심리학,장휘숙
배드민턴2,이주욱
핵산및단백질활용기술이론및실습,김정기
글로벌공학리더쉽,류재문
경제통계분석,배진한
유기화학 1,이창수
고려시대사,김창현
한국고대사,정선여
고등미적분학1및실습,전길웅
대중예술의이해,윤석진
경영학원론,이철식
우리문화재의이해,없음
여성과정치,최수경
서양의 역사와 문화,차전환
입문독어,차제순
국어작문1;표현과 논술,김미정
물리학,이준회
환경행정론,윤영채
영어연습,정금미
인간과 불교,김방룡
유기화학,김건철
일본어1,김희정
정부회계론,박종우
프랑스문화연습,김미연
미학,송영진
학술적글쓰기3:영어,구유선
창의설계입문,김호철
식품학개론,없음
경제학원론,강영삼
패션과 의상,박길순
경영학원론,김훈
중국의 고사성어,이동훈
미국문학의 이해,서경숙
상법 1,윤종미
피아노클래스1,민경선
현대사상의 주요흐름,서영식
농업과환경,이민선
경제학 개론,류문현
마케팅관리,강지윤
통합영어,라이언베거
영어의과거와현재,김기형
교육행정및교육경영,정일화
정책과학개론,박미옥
영어학개론,강영아
현대인을 위한 음식보감,박명순
프랑스어철자,조현진
패션미학과브랜드,구인숙
스키,이창섭
의약바이오특허법,김영아
테니스 2,최재선
백마인턴십 Ⅱ,조병관
지방정부론,신희영
초급중국어회화,김훈
화학실험,김영준
회계이론,백혜원
컴퓨터언어,박선근
핵산및단백질기초기술이론및실습,김정기
원격교육활용론,김지숙
발달심리학,이운영
공학심리학,이영창
영미문학과 문화,박종성
논리회로및실험,원영선
미적분학1,구세현
한국 문화재의 이해,이형원
기술경영,최병천
회계원리,임학빈
미시경제학원론,백민희
국어학개론,한영목
물리학개론,이성직
생태철학과 생명윤리,김세정
영한통번역개론,조기현
영작문 3,찰스고
테마로 본 철학산책,정진우
행정통계론,한건환
시사영어,민경택
창작론,한상철
국어작문1;표현과 논술,김현화
프랑스어발음1,바네사부르봉
누구나해볼수있는교실영어,없음
미시경제학,권택성
방언학,김세진
성공적 취업전략과 직장생활,김판욱
프랑스어문법1,박찬인
영화 속 철학이야기,배용준
경제경영수학,김은순
영한통번역개론,심유희
영어구조의이해,한진희
경제의이해,박진도
통합영어,코라리스테일리
건강생활체조,유소연
예술과 삶,김성헌
한국어문학,정현경
프랑스문학입문,주현진
프랑스만화읽기,송진석
통합영어,임명희
기초물리학 1,유정선
지역사회 및 지역개발론,진동규
건축설계1,곽윤정
경제학원론,임일섭
신입생세미나,고홍월
공학수학 1,김인호
한국현대사,허종
통합영어,제이미스뉴커크
탁구,이동진
인사관리,남기섭
영어의과거와현재,조기현
한국민족문화의 여명,이형원
자료구조및실습 2,박정희
글로벌경영원론,황경연
통계학입문,김홍기
인물로본한국사,이정란
영어회화2,매튜찰스로스
국가안보론,박재필
공학논문작성과 발표,구선우
프레젠테이션과면접스킬,홍성심
전자회로1,은창수
국어작문1;표현과 논술,송지연
한국행정사,김권집
영작문 1,존그레고리넴닉
국어작문1;표현과 논술,백소영
정치리더십론,이지경
교육행정및교육경영,이성은
통합영어,에릭덜햄
동양자연사상의 환경응용,장동순
서비스마케팅,윤성중
인류문명의 발생과 전개,김은영
실용한문,이정규
통합영어Ⅰ,러셀커크
시사영어,김기형
정부기업관계론,김경식
마케팅관리,서용모
설득과 커뮤니케이션,조성겸
언론정보학개론,김재영
통합영어,쟈넷일레인핀슨
환경사회학,박재묵
기초사회통계,최인이
한국사회복지론,오정수
경제학원론,박진도
논문연구실습,김필동
캡스톤디자인Ⅰ,노명규
공학커뮤니케이션,이희승
공학커뮤니케이션,유영준
공학커뮤니케이션,김충현 외 1명
공학커뮤니케이션,이승준
국제개발협력의이해와무역,윤기관
운동방법의 실제,한동수
볼링,이진
유기화학 1,조남숙
유기화학 1,김영준
유기화학 1,염을균
아시아지역 통상론,윤기관
무역중국어,이정선
유기화학특강,손경선
민법총칙,윤성구
한국정치의 이해,안택원
음악의 이해,이진영
영미언어와문화,정금미
영미언어와문화,김기형
현대 미국소설,존넴닉
시사영어연습,곽면선
신문의 이해,차재영
한국언론사,차재영
PR의 이해,조성겸
방송의 이해,김재영
온라인 저널리즘,김재영
경영정보시스템,이경희
심리학개론,양병창
지질학개론 1,유용재
문화인류학,이동인
한국외교론,강창구
실용한문,이관성
식생활과 다이어트,손천배
북한의 이해,김강녕
정치학사,이계희
정신건강,윤미라
정신건강,양병창
국어사,박숙희
컴퓨터프로그래밍 1,이만호
시와 음악 산책,없음
생활과 정치,이욱근
평생교육개론,한상훈
기초물리학실험 1,이호연
시사영어,정금미
통합영어,조미행
식생활과 다이어트,김수현
물리학개론,이재영
시사영어,성하정
기초한문,김하윤
광고기획론,이승선
국어작문1;표현과 논술,유경수
의학미생물학,노재랑
영어음성학,이은정
음악의 이해,성한나
무역학원론,성봉석
행정법각론,조인성
영미문학과 주제연구,김명주
시가 흐르는 삶,현영민
화학개론,정덕영
영작문 3,제러미로렌스셜리번
영미문화읽기:주제별,매튜크로
실용의사소통영어,김연주
패션과 의상,이은영
중국어,김선희
프랑스어학개론,신오식
거시경제학원론,노응원
통합영어,매튜사무엘코헨
글로벌경영론,황경연
금융시장·금융상품,윤평식
경영학원론,강명수
성과 사랑의 철학,이규상
탁구,탁은정
사회봉사(1),홍성심
젠더와소수집단의사회학,최인이
현대인의 자기경영,김순미
수의미생물학실습 1,이종수
운동과 건강,박건수
기업가정신2,송계충
역사의 이해,황은정
학문탐구와 학습방법론,김득준
심폐소생술과 생활 응급처치,없음
일본어1,양민호
창의형캡스톤디자인,이종신
아시아경영연구,전향화
기초독일어,임재동
한국어문학,오세란
국어작문1;표현과 논술,송기섭
설화문학론,황인덕
실용한문,김희자
통합영어,존길레스피
고급 일반언어학,이상직
일본시가문학,김은영
북한의 이해,이규석
동양의 역사와 인물,이성배
생물학실험1,황지숙
일본어 2,양민호
실용한문,조정윤
체육논술,고영진
유전학,최수련
약전,박경래
대한약전,박경래
영어교육과정 및 교재 연구,이정원
한국어문학,윤은경
중급회계,최수미
한국어문학,고영진
식생활과 다이어트,조효정
글로벌경영원론,강대석
국어작문1;표현과 논술,양광준
국어작문1;표현과 논술,고영진
교육평가,곽효경
교육평가,박은숙
교육평가,유현주
식생활과 다이어트,윤준화
화법과생활,이금영
동양사입문,장인성
식생활과 다이어트,조영선
사이버 공간과 윤리,조세종
화학,김두일
원가회계 1,문수원
댄스스포츠 1,송대진
프랑스축제와문화콘텐츠,한봉규
중급중국어,강혜근
태권도,김선공
레포츠 및 수상안전,박정민
스키,최정웅
무역학원론,임성범
경영의 이해,송계충
아태국제정치론,정일동 외 1명
북한의 이해,정일동
선박유체실험,김형태
바이오 자원산업 입문,박상언
미술의이해,신은주
시사영어,송정수
만화를 통한 유럽 문화의 이해,없음
중독심리학,임숙희
심리검사 및 실습,임숙희
상담실습,임숙희
미래생활과 창의성 개발,김희숙
독일문화 산책,임재동
전자파환경공학,이재현
장애인무용,이정숙
집합론,신준국
유전공학의 세계,박기선
투자론,권택호
국어작문1;표현과 논술,백윤경
회계의이해,이성란
레크리에이션,손정아
실용한문,이현중
공학수학,장동순
프랑스문화 테마기행,한봉규
회계원리,강선아
일본문화,김희정
운동과 건강,민경은
시사영어,박신영
수영,오형일
실용의사소통영어,임명희
전자회로 2,은창수
디지탈통신,오왕록
언어학입문,이숙의
스키,정준현
합성의약품 품질관리(QC) 이론 및 실습,강종성
운동방법의 실제,김명자
교육사회,박정호
현대인을 위한 음식보감,강은영
미래생활과 창의성 개발,고순화
바이오 산업 입문,김은희
세포배양기초및공정기술이론및실습,김정기
공학기술의 역사,노태천
융복합기술전공영어Ⅰ,몬티알렉산더콜버
패션과 의상,이지영
기계공작실습,민택기
물리화학 2,강준길
운동방법의 실제,신의수
사회봉사(2),홍성심
인터넷과 사이버사회,양선희
광고의세계,김창숙
건강생활체조,이문숙
영화 속 철학이야기,김재홍
수학 1,이돈오
통합영어,송정수
원가회계2,문수원
법학개론,이한태
공업교육세미나,김태훈
사랑과 결혼의 경제학,김윤희
하드웨어설계,장경선
영상으로 보는 중국문화,김진경
식생활과 다이어트,장순애
영상으로 보는 유럽문화,장은주
열유체실험,유성연
영어로공부하는현재경제의이슈,없음
독일의 소설가,이철우
마케팅관리,임헌문
심리학영어강독,전우영
의복인간공학,홍경희
농업협동조합론,김재홍
조원식물학,이미정
농업경제학,박진도
통합영어,성하정
발명과특허,최유현
교육봉사 1,권광일
한국도자 탐구,남진주
글로벌경영전략및사례,이영덕
국제경제법,이길원
국제법1,이길원
형법연습,도중진
세법,유일언
경제법,유일언
생물학실험2,황지숙
문학과 성,정귀훈
고급영문읽기,김기형
국제금융론,이정선
